{
  "generated_at": "2026-02-28T18:25:27.126834",
  "target": "future_ret_5",
  "ic": {
    "mom_5": -0.052155520014320035,
    "mom_10": -0.051690825402643394,
    "volatility_10": -0.06882072901043328,
    "turnover_5": 0.0,
    "pb_inv": 0.0,
    "pe_inv": 0.0
  },
  "weights": {
    "mom_5": -0.302058,
    "mom_10": -0.299367,
    "volatility_10": -0.398575,
    "turnover_5": 0.0,
    "pb_inv": 0.0,
    "pe_inv": 0.0
  }
}