{
  "strategy": "综合优选v4.0",
  "run_at": "2026-02-25 16:22:42",
  "score": 7.693599246653681,
  "params": {
    "score_threshold": 65,
    "max_holding_days": 10,
    "stop_loss_pct": -6.0,
    "take_profit_pct": 6.0
  },
  "stats": {
    "total_signals": 20,
    "avg_return": 2.973807403750169,
    "weighted_avg_return": 0.701508880270089,
    "median_return": 3.0631036499581095,
    "win_rate": 75.0,
    "max_return": 9.725776965265082,
    "min_return": -4.814814814814827,
    "sharpe_ratio": 3.9624905406289863,
    "max_drawdown": -1.4444444444444573,
    "avg_holding_days": 8.3,
    "level_stats": {
      "S级(≥80分)": {
        "count": 2,
        "avg_return": -2.1897457158651243,
        "weighted_return": -0.6569237147595373,
        "win_rate": 50.0,
        "avg_holding_days": 10.0
      },
      "A级(70-79分)": {
        "count": 12,
        "avg_return": 4.288161889290209,
        "weighted_return": 1.0720404723225523,
        "win_rate": 91.66666666666666,
        "avg_holding_days": 7.833333333333333
      },
      "B级(60-69分)": {
        "count": 6,
        "avg_return": 2.066282805875188,
        "weighted_return": 0.4132565611750376,
        "win_rate": 50.0,
        "avg_holding_days": 8.666666666666666
      }
    },
    "exit_stats": {
      "持仓到期": 14,
      "止盈6.0%": 6
    },
    "score_distribution": {
      "total_evaluated": 769,
      "max_score": 86.0,
      "avg_score": 29.177503250975292,
      "score_90+": 0,
      "score_85+": 1,
      "score_80+": 2,
      "score_75+": 9,
      "score_70+": 14,
      "score_65+": 20,
      "score_60+": 29,
      "score_50+": 74
    }
  }
}