{
  "strategy": "综合优选v4.0",
  "run_at": "2026-03-05 19:52:29",
  "score": 7.607697474840946,
  "params": {
    "score_threshold": 70,
    "max_holding_days": 15,
    "stop_loss_pct": -6.0,
    "take_profit_pct": 6.0
  },
  "stats": {
    "total_signals": 13,
    "avg_return": 3.441716929273631,
    "weighted_avg_return": 0.8456078302137686,
    "median_return": 6.034482758620696,
    "win_rate": 69.23076923076923,
    "max_return": 7.774798927613929,
    "min_return": -3.853564547206169,
    "sharpe_ratio": 3.9444798487577546,
    "max_drawdown": -1.40895953757224,
    "avg_holding_days": 8.923076923076923,
    "level_stats": {
      "S级(≥80分)": {
        "count": 1,
        "avg_return": -3.853564547206169,
        "weighted_return": -1.1560693641618507,
        "win_rate": 0.0,
        "avg_holding_days": 15.0
      },
      "A级(70-79分)": {
        "count": 12,
        "avg_return": 4.049657052313615,
        "weighted_return": 1.0124142630784037,
        "win_rate": 75.0,
        "avg_holding_days": 8.416666666666666
      }
    },
    "exit_stats": {
      "止盈6.0%": 7,
      "持仓到期": 6
    },
    "score_distribution": {
      "total_evaluated": 774,
      "max_score": 80.5,
      "avg_score": 29.5562015503876,
      "score_90+": 0,
      "score_85+": 0,
      "score_80+": 1,
      "score_75+": 4,
      "score_70+": 13,
      "score_65+": 15,
      "score_60+": 29,
      "score_50+": 81
    }
  }
}